{"cameraMode":{"drawMode":0,"name":"Shaded","section":"Shading Mode"},"sceneLighting":true,"audioPlay":false,"sceneViewState":{"showFog":true,"showMaterialUpdate":false,"showSkybox":true,"showFlares":true,"showImageEffects":true,"showParticleSystems":true},"in2DMode":false,"pivot":{"x":1065.0550537109375,"y":547.7347412109375,"z":-144.88388061523438},"rotation":{"x":-0.18156933784484864,"y":-0.067768894135952,"z":0.012535975314676762,"w":-0.9810254573822022},"size":268.6005554199219,"orthographic":false}