{"cameraMode":{"drawMode":0,"name":"Shaded","section":"Shading Mode"},"sceneLighting":true,"audioPlay":false,"sceneViewState":{"showFog":true,"showMaterialUpdate":false,"showSkybox":true,"showFlares":true,"showImageEffects":true,"showParticleSystems":true},"in2DMode":false,"pivot":{"x":-8.47109603881836,"y":-0.29989051818847659,"z":-1.078050136566162},"rotation":{"x":0.14000733196735383,"y":0.8484308123588562,"z":-0.2770483195781708,"w":0.4288747012615204},"size":6.3989338874816898,"orthographic":false}