{"cameraMode":{"drawMode":0,"name":"Shaded","section":"Shading Mode"},"sceneLighting":false,"audioPlay":false,"sceneViewState":{"showFog":true,"showMaterialUpdate":false,"showSkybox":true,"showFlares":true,"showImageEffects":true,"showParticleSystems":true},"in2DMode":false,"pivot":{"x":-4.921017169952393,"y":-0.12469515949487686,"z":2.2697088718414308},"rotation":{"x":-0.00036166011705063283,"y":-0.9879817962646484,"z":0.1547909677028656,"w":-0.00238302955403924},"size":1.9406659603118897,"orthographic":false}