{"cameraMode":{"drawMode":0,"name":"Shaded","section":"Shading Mode"},"sceneLighting":true,"audioPlay":false,"sceneViewState":{"showFog":true,"showMaterialUpdate":false,"showSkybox":true,"showFlares":true,"showImageEffects":true,"showParticleSystems":true},"in2DMode":false,"pivot":{"x":1037.611572265625,"y":515.8745727539063,"z":-377.9710693359375},"rotation":{"x":-0.011120114475488663,"y":0.5053296685218811,"z":0.006520576775074005,"w":0.8629024624824524},"size":22.0,"orthographic":false}