{"cameraMode":{"drawMode":0,"name":"Shaded","section":"Shading Mode"},"sceneLighting":false,"audioPlay":false,"sceneViewState":{"showFog":true,"showMaterialUpdate":false,"showSkybox":true,"showFlares":true,"showImageEffects":true,"showParticleSystems":true},"in2DMode":false,"pivot":{"x":-0.5905225872993469,"y":0.5122154951095581,"z":1.7191479206085206},"rotation":{"x":-0.0011105957673862577,"y":-0.9951337575912476,"z":0.09824918955564499,"w":-0.011356481350958348},"size":1.9406659603118897,"orthographic":false}