{"cameraMode":{"drawMode":0,"name":"Shaded","section":"Shading Mode"},"sceneLighting":true,"audioPlay":false,"sceneViewState":{"showFog":true,"showMaterialUpdate":false,"showSkybox":true,"showFlares":true,"showImageEffects":true,"showParticleSystems":true},"in2DMode":false,"pivot":{"x":1011.4638671875,"y":476.58001708984377,"z":-388.3662109375},"rotation":{"x":-0.019205519929528238,"y":0.01710974983870983,"z":-0.0003296304203104228,"w":-0.99969482421875},"size":964.3565673828125,"orthographic":false}